{
    "secTitle": "Recent News Of Us",
    "secHeading": "Lorem ipsum dolor sit amet consectetur adipisicing elit.",
    "dataList": [
        {
            "id": "1",
            "imgUrl": "blog-1.jpg",
            "postTitle": "This is how we clean your home and your office also roof top.",
            "postLink": "/blog-details",
            "authorImg": "author.jpg",
            "authorName": "Jhon Doe",
            "postTag": "home clean",
            "postDate": "Jan 12, 2021"
        },
        {
            "id": "2",
            "imgUrl": "blog-2.jpg",
            "postTitle": "This is how we clean your home and your office also roof top.",
            "postLink": "/blog-details",
            "authorImg": "author.jpg",
            "authorName": "Jhon Doe",
            "postTag": "home clean",
            "postDate": "Jan 12, 2021"
        },
        {
            "id": "3",
            "imgUrl": "blog-3.jpg",
            "postTitle": "This is how we clean your home and your office also roof top.",
            "postLink": "/blog-details",
            "authorImg": "author.jpg",
            "authorName": "Jhon Doe",
            "postTag": "home clean",
            "postDate": "Jan 12, 2021"
        }
    ]
}