{
    "aboutImageThree": "about-img3.jpg",
    "secTitle": "About Trixol",
    "secSubtitle": "We are trixol, a cleaning service provider and we are best in the region.",
    "secDesc": "Lorem ipsum dolor sit amet consectetur adipisicing elit. Velit voluptatum ut libero culpa ipsa facere cupiditate ullam deleniti quasi laborum pariatur maxime animi. Sapiente porro quia hic rem et esse, voluptas quae alias, deleniti minima ex quia.",
    "iconHeading": "Perferendi amet accusamus ratione kasm key maxime quaerat."
}