{
    "dataList": [
        {
            "id": "1",
            "title": "I don't know What should I write here?",
            "body": "Anim pariatur cliche reprehenderit, enim eiusm high life accusamus terry richardson ad squid. 3 wolf moon officia aute."
        },
        {
            "id": "2",
            "title": "I don't know What should I write here?",
            "body": "Anim pariatur cliche reprehenderit, enim eiusm high life accusamus terry richardson ad squid. 3 wolf moon officia aute."
        },
        {
            "id": "3",
            "title": "I don't know What should I write here?",
            "body": "Anim pariatur cliche reprehenderit, enim eiusm high life accusamus terry richardson ad squid. 3 wolf moon officia aute."
        }
    ]
}