[
    {
        "id": "1",
        "title": "I don't know What should I write here?",
        "body": "Anim pariatur cliche reprehenderit, enim eiusm high life accusamus terry richardson ad squid. Wolf moon officia aute. Eos aspernatur consectetur quisquam at possimus culpa perfere praesentium earum aut nihil totam architecto dicta."
    },
    {
        "id": "2",
        "title": "I don't know What should I write here?",
        "body": "Anim pariatur cliche reprehenderit, enim eiusm high life accusamus terry richardson ad squid. Wolf moon officia aute. Eos aspernatur consectetur quisquam at possimus culpa perfere praesentium earum aut nihil totam architecto dicta."
    },
    {
        "id": "3",
        "title": "I don't know What should I write here?",
        "body": "Anim pariatur cliche reprehenderit, enim eiusm high life accusamus terry richardson ad squid. Wolf moon officia aute. Eos aspernatur consectetur quisquam at possimus culpa perfere praesentium earum aut nihil totam architecto dicta."
    },
    {
        "id": "4",
        "title": "I don't know What should I write here?",
        "body": "Anim pariatur cliche reprehenderit, enim eiusm high life accusamus terry richardson ad squid. Wolf moon officia aute. Eos aspernatur consectetur quisquam at possimus culpa perfere praesentium earum aut nihil totam architecto dicta."
    },
    {
        "id": "5",
        "title": "I don't know What should I write here?",
        "body": "Anim pariatur cliche reprehenderit, enim eiusm high life accusamus terry richardson ad squid. Wolf moon officia aute. Eos aspernatur consectetur quisquam at possimus culpa perfere praesentium earum aut nihil totam architecto dicta."
    },
    {
        "id": "6",
        "title": "I don't know What should I write here?",
        "body": "Anim pariatur cliche reprehenderit, enim eiusm high life accusamus terry richardson ad squid. Wolf moon officia aute. Eos aspernatur consectetur quisquam at possimus culpa perfere praesentium earum aut nihil totam architecto dicta."
    }
]