[
    {
        "id": "1",
        "backgroundImage": "slider-1.jpg",
        "subTitle": "Providing The Best Service",
        "title": "Trixol is the best cleaning service company",
        "desc": "Lorem ipsum dolor sit amet, consectetur adipisicing elit. Ipsam, fugiat dist sequm oeno obcaecati expedita ration.",
        "btnOneLink": "about-us",
        "btnTwoLink": "contact"
    },
    {
        "id": "2",
        "backgroundImage": "slider-2.jpg",
        "subTitle": "Providing The Best Service",
        "title": "Trixol is the best cleaning service company",
        "desc": "Lorem ipsum dolor sit amet, consectetur adipisicing elit. Ipsam, fugiat dist sequm oeno obcaecati expedita ration.",
        "btnOneLink": "about-us",
        "btnTwoLink": "contact"
    }
]